run_name,family,backbone,representation,train_positive_subset_pct,seed,split,best_epoch,threshold,pr_auc_geomean,pixel_iou,pixel_f1,object_precision,object_recall,object_f1,git_sha,config_path
aug_trivialaugment_deploy,efficientnet,efficientnet-b5,RGB+NDVI,100,42,val_realistic,35,0.5,0.916729,0.560239,0.718145,0.357143,0.492424,0.414013,15abf29d92d2d87e0fa1dda802ecc399be7b4a22,configs/aug_trivialaugment_deploy.yaml
aug_trivialaugment_deploy_seed43,efficientnet,efficientnet-b5,RGB+NDVI,100,43,val_realistic,35,0.5,0.921627,0.623538,0.768122,0.386243,0.55303,0.454829,15abf29d92d2d87e0fa1dda802ecc399be7b4a22,configs/aug_trivialaugment_deploy_seed43.yaml
aug_trivialaugment_deploy_seed44,efficientnet,efficientnet-b5,RGB+NDVI,100,44,val_realistic,40,0.5,0.927016,0.652824,0.78995,0.363636,0.575758,0.445748,15abf29d92d2d87e0fa1dda802ecc399be7b4a22,configs/aug_trivialaugment_deploy_seed44.yaml
phase4_extra_ndvi,efficientnet,efficientnet-b5,RGB+NDVI,100,42,val_realistic,35,0.5,0.887875,0.451208,0.621838,0.486726,0.407407,0.443548,15abf29d92d2d87e0fa1dda802ecc399be7b4a22,configs/phase4_extra_ndvi.yaml
phase4_extra_ndvi_seed43,efficientnet,efficientnet-b5,RGB+NDVI,100,43,val_realistic,40,0.5,0.89651,0.517316,0.681883,0.530769,0.511111,0.520755,15abf29d92d2d87e0fa1dda802ecc399be7b4a22,configs/phase4_extra_ndvi_seed43.yaml
phase4_extra_ndvi_seed44,efficientnet,efficientnet-b5,RGB+NDVI,100,44,val_realistic,45,0.5,0.911083,0.565973,0.722839,0.51938,0.496296,0.507576,15abf29d92d2d87e0fa1dda802ecc399be7b4a22,configs/phase4_extra_ndvi_seed44.yaml
phase4_extra_rgb_baseline,efficientnet,efficientnet-b5,RGB,100,42,val_realistic,95,0.5,0.829689,0.457632,0.627911,0.642857,0.466667,0.540773,15abf29d92d2d87e0fa1dda802ecc399be7b4a22,configs/phase4_extra_rgb_baseline.yaml
phase4_extra_rgb_baseline_seed43,efficientnet,efficientnet-b5,RGB,100,43,val_realistic,35,0.5,0.859833,0.429178,0.600594,0.6,0.444444,0.510638,15abf29d92d2d87e0fa1dda802ecc399be7b4a22,configs/phase4_extra_rgb_baseline_seed43.yaml
phase4_extra_rgb_baseline_seed44,efficientnet,efficientnet-b5,RGB,100,44,val_realistic,35,0.5,0.875209,0.487528,0.655488,0.606061,0.444444,0.512821,15abf29d92d2d87e0fa1dda802ecc399be7b4a22,configs/phase4_extra_rgb_baseline_seed44.yaml
deploy_v1_ndvi_seed42,efficientnet,efficientnet-b5,RGB+NDVI,100,42,val_realistic,35,0.5,0.914387,0.511817,0.677088,0.322034,0.431818,0.368932,15abf29d92d2d87e0fa1dda802ecc399be7b4a22,configs/deploy_v1_ndvi_seed42.yaml
deploy_v1_ndvi_seed43,efficientnet,efficientnet-b5,RGB+NDVI,100,43,val_realistic,50,0.5,0.90684,0.565902,0.722781,0.352632,0.507576,0.416149,15abf29d92d2d87e0fa1dda802ecc399be7b4a22,configs/deploy_v1_ndvi_seed43.yaml
deploy_v1_ndvi_seed44,efficientnet,efficientnet-b5,RGB+NDVI,100,44,val_realistic,35,0.5,0.915565,0.564303,0.721476,0.343915,0.492424,0.404984,15abf29d92d2d87e0fa1dda802ecc399be7b4a22,configs/deploy_v1_ndvi_seed44.yaml
effb3_deploy,efficientnet,efficientnet-b3,RGB+NDVI,100,42,val_realistic,40,0.5,0.905027,0.580601,0.734658,0.32,0.484848,0.385542,15abf29d92d2d87e0fa1dda802ecc399be7b4a22,configs/effb3_deploy.yaml
effb3_deploy_seed43,efficientnet,efficientnet-b3,RGB+NDVI,100,43,val_realistic,40,0.5,0.91115,0.539976,0.701278,0.357143,0.454545,0.4,15abf29d92d2d87e0fa1dda802ecc399be7b4a22,configs/effb3_deploy_seed43.yaml
effb3_deploy_seed44,efficientnet,efficientnet-b3,RGB+NDVI,100,44,val_realistic,40,0.5,0.902753,0.500259,0.666896,0.333333,0.409091,0.367347,15abf29d92d2d87e0fa1dda802ecc399be7b4a22,configs/effb3_deploy_seed44.yaml
c2_effb0_ndvi_seed42,efficientnet,efficientnet-b0,RGB+NDVI,100,42,val_realistic,65,0.5,0.885441,0.490036,0.65775,0.337143,0.44697,0.384365,15abf29d92d2d87e0fa1dda802ecc399be7b4a22,configs/c2_effb0_ndvi_seed42.yaml
c2_effb0_ndvi_seed43,efficientnet,efficientnet-b0,RGB+NDVI,100,43,val_realistic,70,0.5,0.852221,0.417453,0.589018,0.342657,0.371212,0.356364,15abf29d92d2d87e0fa1dda802ecc399be7b4a22,configs/c2_effb0_ndvi_seed43.yaml
c2_effb0_ndvi_seed44,efficientnet,efficientnet-b0,RGB+NDVI,100,44,val_realistic,50,0.5,0.8431,0.491016,0.658633,0.324176,0.44697,0.375796,15abf29d92d2d87e0fa1dda802ecc399be7b4a22,configs/c2_effb0_ndvi_seed44.yaml
c2_effb7_ndvi_seed42,efficientnet,efficientnet-b7,RGB+NDVI,100,42,val_realistic,35,0.5,0.899361,0.541982,0.702968,0.334951,0.522727,0.408284,15abf29d92d2d87e0fa1dda802ecc399be7b4a22,configs/c2_effb7_ndvi_seed42.yaml
c2_effb7_ndvi_seed43,efficientnet,efficientnet-b7,RGB+NDVI,100,43,val_realistic,35,0.5,0.911028,0.591918,0.743654,0.333333,0.515152,0.404762,15abf29d92d2d87e0fa1dda802ecc399be7b4a22,configs/c2_effb7_ndvi_seed43.yaml
c2_effb7_ndvi_seed44,efficientnet,efficientnet-b7,RGB+NDVI,100,44,val_realistic,30,0.5,0.89813,0.516478,0.681154,0.33871,0.477273,0.396226,15abf29d92d2d87e0fa1dda802ecc399be7b4a22,configs/c2_effb7_ndvi_seed44.yaml
fm_dinov3sat_l_ndvi_locked,dinov3sat_vitl,vit_large_patch16_dinov3.sat493m,RGB+NDVI,100,,val_realistic,40,0.5,0.92208,0.615597,0.762067,0.313008,0.583333,0.407407,15abf29d92d2d87e0fa1dda802ecc399be7b4a22,configs/fm_dinov3sat_l_ndvi_locked.yaml
fm_dinov3sat_l_ndvi_locked_seed43,dinov3sat_vitl,vit_large_patch16_dinov3.sat493m,RGB+NDVI,100,,val_realistic,40,0.5,0.92861,0.610308,0.758002,0.361233,0.621212,0.456825,15abf29d92d2d87e0fa1dda802ecc399be7b4a22,configs/fm_dinov3sat_l_ndvi_locked_seed43.yaml
fm_dinov3sat_l_ndvi_locked_seed44,dinov3sat_vitl,vit_large_patch16_dinov3.sat493m,RGB+NDVI,100,,val_realistic,35,0.5,0.90672,0.609854,0.757652,0.348739,0.628788,0.448649,15abf29d92d2d87e0fa1dda802ecc399be7b4a22,configs/fm_dinov3sat_l_ndvi_locked_seed44.yaml
fm_dinov3sat_l_rgb,dinov3sat_vitl,vit_large_patch16_dinov3.sat493m,RGB,100,42,val_realistic,40,0.5,0.919998,0.638845,0.779629,0.583942,0.592593,0.588235,15abf29d92d2d87e0fa1dda802ecc399be7b4a22,configs/fm_dinov3sat_l_rgb.yaml
fm_dinov3sat_l_rgb_seed43,dinov3sat_vitl,vit_large_patch16_dinov3.sat493m,RGB,100,43,val_realistic,60,0.5,0.919491,0.646679,0.785434,0.549296,0.577778,0.563177,15abf29d92d2d87e0fa1dda802ecc399be7b4a22,configs/fm_dinov3sat_l_rgb_seed43.yaml
fm_dinov3sat_l_rgb_seed44,dinov3sat_vitl,vit_large_patch16_dinov3.sat493m,RGB,100,44,val_realistic,40,0.5,0.900342,0.471672,0.641002,0.489362,0.511111,0.5,15abf29d92d2d87e0fa1dda802ecc399be7b4a22,configs/fm_dinov3sat_l_rgb_seed44.yaml
fm_dinov3sat_l_rgb_locked_seed42,dinov3sat_vitl,vit_large_patch16_dinov3.sat493m,RGB,100,42,val_realistic,40,0.5,0.927675,0.625427,0.769554,0.340426,0.606061,0.435967,15abf29d92d2d87e0fa1dda802ecc399be7b4a22,configs/fm_dinov3sat_l_rgb_locked_seed42.yaml
fm_dinov3sat_l_rgb_locked_seed43,dinov3sat_vitl,vit_large_patch16_dinov3.sat493m,RGB,100,43,val_realistic,40,0.5,0.917415,0.58544,0.73852,0.350427,0.621212,0.448087,15abf29d92d2d87e0fa1dda802ecc399be7b4a22,configs/fm_dinov3sat_l_rgb_locked_seed43.yaml
fm_dinov3sat_l_rgb_locked_seed44,dinov3sat_vitl,vit_large_patch16_dinov3.sat493m,RGB,100,44,val_realistic,50,0.5,0.908022,0.576876,0.73167,0.351931,0.621212,0.449315,15abf29d92d2d87e0fa1dda802ecc399be7b4a22,configs/fm_dinov3sat_l_rgb_locked_seed44.yaml
c3_vitl_ndvi_scale25_seed42,dinov3sat_vitl,vit_large_patch16_dinov3.sat493m,RGB+NDVI,25,42,val_realistic,55,0.5,0.881691,0.535744,0.6977,0.33617,0.598485,0.430518,15abf29d92d2d87e0fa1dda802ecc399be7b4a22,configs/c3_vitl_ndvi_scale25_seed42.yaml
c3_vitl_ndvi_scale25_seed43,dinov3sat_vitl,vit_large_patch16_dinov3.sat493m,RGB+NDVI,25,43,val_realistic,75,0.5,0.865212,0.505247,0.671314,0.367647,0.568182,0.446429,15abf29d92d2d87e0fa1dda802ecc399be7b4a22,configs/c3_vitl_ndvi_scale25_seed43.yaml
c3_vitl_ndvi_scale25_seed44,dinov3sat_vitl,vit_large_patch16_dinov3.sat493m,RGB+NDVI,25,44,val_realistic,60,0.5,0.846829,0.487067,0.655071,0.398964,0.583333,0.473846,15abf29d92d2d87e0fa1dda802ecc399be7b4a22,configs/c3_vitl_ndvi_scale25_seed44.yaml
c3_vitl_ndvi_scale50_seed42,dinov3sat_vitl,vit_large_patch16_dinov3.sat493m,RGB+NDVI,50,42,val_realistic,60,0.5,0.870014,0.584733,0.737958,0.332031,0.643939,0.438144,15abf29d92d2d87e0fa1dda802ecc399be7b4a22,configs/c3_vitl_ndvi_scale50_seed42.yaml
c3_vitl_ndvi_scale50_seed43,dinov3sat_vitl,vit_large_patch16_dinov3.sat493m,RGB+NDVI,50,43,val_realistic,45,0.5,0.869876,0.543073,0.703885,0.337449,0.621212,0.437333,15abf29d92d2d87e0fa1dda802ecc399be7b4a22,configs/c3_vitl_ndvi_scale50_seed43.yaml
c3_vitl_ndvi_scale50_seed44,dinov3sat_vitl,vit_large_patch16_dinov3.sat493m,RGB+NDVI,50,44,val_realistic,55,0.5,0.86939,0.554581,0.71348,0.331897,0.583333,0.423077,15abf29d92d2d87e0fa1dda802ecc399be7b4a22,configs/c3_vitl_ndvi_scale50_seed44.yaml
scale_ndvi_25,efficientnet,efficientnet-b5,RGB+NDVI,25,42,val_realistic,45,0.5,0.742892,0.355821,0.524879,0.268571,0.356061,0.306189,15abf29d92d2d87e0fa1dda802ecc399be7b4a22,configs/scale_ndvi_25.yaml
scale_ndvi_25_seed43,efficientnet,efficientnet-b5,RGB+NDVI,25,43,val_realistic,55,0.5,0.841205,0.461275,0.631332,0.319527,0.409091,0.358804,15abf29d92d2d87e0fa1dda802ecc399be7b4a22,configs/scale_ndvi_25_seed43.yaml
scale_ndvi_25_seed44,efficientnet,efficientnet-b5,RGB+NDVI,25,44,val_realistic,45,0.5,0.79457,0.351835,0.520529,0.287582,0.333333,0.308772,15abf29d92d2d87e0fa1dda802ecc399be7b4a22,configs/scale_ndvi_25_seed44.yaml
scale_ndvi_50,efficientnet,efficientnet-b5,RGB+NDVI,50,42,val_realistic,40,0.5,0.862804,0.436259,0.607493,0.278409,0.371212,0.318182,15abf29d92d2d87e0fa1dda802ecc399be7b4a22,configs/scale_ndvi_50.yaml
scale_ndvi_50_seed43,efficientnet,efficientnet-b5,RGB+NDVI,50,43,val_realistic,40,0.5,0.833318,0.464094,0.633967,0.303191,0.431818,0.35625,15abf29d92d2d87e0fa1dda802ecc399be7b4a22,configs/scale_ndvi_50_seed43.yaml
scale_ndvi_50_seed44,efficientnet,efficientnet-b5,RGB+NDVI,50,44,val_realistic,45,0.5,0.867721,0.49679,0.663807,0.298578,0.477273,0.367347,15abf29d92d2d87e0fa1dda802ecc399be7b4a22,configs/scale_ndvi_50_seed44.yaml
scale_ndvi_75,efficientnet,efficientnet-b5,RGB+NDVI,75,42,val_realistic,35,0.5,0.873235,0.487882,0.655807,0.284314,0.439394,0.345238,15abf29d92d2d87e0fa1dda802ecc399be7b4a22,configs/scale_ndvi_75.yaml
scale_ndvi_75_seed43,efficientnet,efficientnet-b5,RGB+NDVI,75,43,val_realistic,45,0.5,0.893061,0.563847,0.721103,0.341584,0.522727,0.413174,15abf29d92d2d87e0fa1dda802ecc399be7b4a22,configs/scale_ndvi_75_seed43.yaml
scale_ndvi_75_seed44,efficientnet,efficientnet-b5,RGB+NDVI,75,44,val_realistic,40,0.5,0.884373,0.560535,0.718388,0.278481,0.5,0.357724,15abf29d92d2d87e0fa1dda802ecc399be7b4a22,configs/scale_ndvi_75_seed44.yaml
aug_trivialaugment_deploy,efficientnet,efficientnet-b5,RGB+NDVI,100,mean,val_realistic,,0.5,0.921791,0.6122,0.758739,0.369007,0.540404,0.438197,15abf29d92d2d87e0fa1dda802ecc399be7b4a22,n=3
aug_trivialaugment_deploy,efficientnet,efficientnet-b5,RGB+NDVI,100,std,val_realistic,,0.5,0.005145,0.047322,0.036811,0.015276,0.043078,0.02143,15abf29d92d2d87e0fa1dda802ecc399be7b4a22,n=3
phase4_extra_ndvi,efficientnet,efficientnet-b5,RGB+NDVI,100,mean,val_realistic,,0.5,0.898489,0.511499,0.67552,0.512292,0.471605,0.490626,15abf29d92d2d87e0fa1dda802ecc399be7b4a22,n=3
phase4_extra_ndvi,efficientnet,efficientnet-b5,RGB+NDVI,100,std,val_realistic,,0.5,0.01173,0.057603,0.0508,0.022861,0.056088,0.0413,15abf29d92d2d87e0fa1dda802ecc399be7b4a22,n=3
phase4_extra_rgb_baseline,efficientnet,efficientnet-b5,RGB,100,mean,val_realistic,,0.5,0.85491,0.458113,0.627998,0.616306,0.451852,0.521411,15abf29d92d2d87e0fa1dda802ecc399be7b4a22,n=3
phase4_extra_rgb_baseline,efficientnet,efficientnet-b5,RGB,100,std,val_realistic,,0.5,0.023156,0.029178,0.027447,0.023193,0.01283,0.016804,15abf29d92d2d87e0fa1dda802ecc399be7b4a22,n=3
deploy_v1_ndvi,efficientnet,efficientnet-b5,RGB+NDVI,100,mean,val_realistic,,0.5,0.912264,0.547341,0.707115,0.339527,0.477273,0.396688,15abf29d92d2d87e0fa1dda802ecc399be7b4a22,n=3
deploy_v1_ndvi,efficientnet,efficientnet-b5,RGB+NDVI,100,std,val_realistic,,0.5,0.004734,0.030775,0.026012,0.015764,0.040087,0.024677,15abf29d92d2d87e0fa1dda802ecc399be7b4a22,n=3
effb3_deploy,efficientnet,efficientnet-b3,RGB+NDVI,100,mean,val_realistic,,0.5,0.90631,0.540279,0.700944,0.336825,0.449495,0.384296,15abf29d92d2d87e0fa1dda802ecc399be7b4a22,n=3
effb3_deploy,efficientnet,efficientnet-b3,RGB+NDVI,100,std,val_realistic,,0.5,0.004343,0.040172,0.033882,0.018816,0.03813,0.016362,15abf29d92d2d87e0fa1dda802ecc399be7b4a22,n=3
c2_effb0_ndvi,efficientnet,efficientnet-b0,RGB+NDVI,100,mean,val_realistic,,0.5,0.860254,0.466168,0.635134,0.334659,0.421717,0.372175,15abf29d92d2d87e0fa1dda802ecc399be7b4a22,n=3
c2_effb0_ndvi,efficientnet,efficientnet-b0,RGB+NDVI,100,std,val_realistic,,0.5,0.022284,0.042192,0.03994,0.009488,0.043739,0.014347,15abf29d92d2d87e0fa1dda802ecc399be7b4a22,n=3
c2_effb7_ndvi,efficientnet,efficientnet-b7,RGB+NDVI,100,mean,val_realistic,,0.5,0.90284,0.550126,0.709259,0.335665,0.505051,0.403091,15abf29d92d2d87e0fa1dda802ecc399be7b4a22,n=3
c2_effb7_ndvi,efficientnet,efficientnet-b7,RGB+NDVI,100,std,val_realistic,,0.5,0.007118,0.038374,0.031721,0.002759,0.024352,0.0062,15abf29d92d2d87e0fa1dda802ecc399be7b4a22,n=3
fm_dinov3sat_l_ndvi_locked,dinov3sat_vitl,vit_large_patch16_dinov3.sat493m,RGB+NDVI,100,mean,val_realistic,,0.5,0.919137,0.61192,0.75924,0.340993,0.611111,0.437627,15abf29d92d2d87e0fa1dda802ecc399be7b4a22,n=3
fm_dinov3sat_l_ndvi_locked,dinov3sat_vitl,vit_large_patch16_dinov3.sat493m,RGB+NDVI,100,std,val_realistic,,0.5,0.011238,0.003193,0.002454,0.025028,0.024353,0.026489,15abf29d92d2d87e0fa1dda802ecc399be7b4a22,n=3
fm_dinov3sat_l_rgb,dinov3sat_vitl,vit_large_patch16_dinov3.sat493m,RGB,100,mean,val_realistic,,0.5,0.913277,0.585732,0.735355,0.540867,0.560494,0.550471,15abf29d92d2d87e0fa1dda802ecc399be7b4a22,n=3
fm_dinov3sat_l_rgb,dinov3sat_vitl,vit_large_patch16_dinov3.sat493m,RGB,100,std,val_realistic,,0.5,0.011205,0.098856,0.081764,0.04785,0.043404,0.045469,15abf29d92d2d87e0fa1dda802ecc399be7b4a22,n=3
fm_dinov3sat_l_rgb_locked,dinov3sat_vitl,vit_large_patch16_dinov3.sat493m,RGB,100,mean,val_realistic,,0.5,0.917704,0.595914,0.746581,0.347595,0.616162,0.444456,15abf29d92d2d87e0fa1dda802ecc399be7b4a22,n=3
fm_dinov3sat_l_rgb_locked,dinov3sat_vitl,vit_large_patch16_dinov3.sat493m,RGB,100,std,val_realistic,,0.5,0.00983,0.025915,0.020188,0.006254,0.008747,0.007378,15abf29d92d2d87e0fa1dda802ecc399be7b4a22,n=3
c3_vitl_ndvi_scale25,dinov3sat_vitl,vit_large_patch16_dinov3.sat493m,RGB+NDVI,25,mean,val_realistic,,0.5,0.864577,0.509353,0.674695,0.367594,0.583333,0.450264,15abf29d92d2d87e0fa1dda802ecc399be7b4a22,n=3
c3_vitl_ndvi_scale25,dinov3sat_vitl,vit_large_patch16_dinov3.sat493m,RGB+NDVI,25,std,val_realistic,,0.5,0.01744,0.024597,0.021515,0.031397,0.015152,0.021917,15abf29d92d2d87e0fa1dda802ecc399be7b4a22,n=3
c3_vitl_ndvi_scale50,dinov3sat_vitl,vit_large_patch16_dinov3.sat493m,RGB+NDVI,50,mean,val_realistic,,0.5,0.86976,0.560796,0.718441,0.333792,0.616161,0.432851,15abf29d92d2d87e0fa1dda802ecc399be7b4a22,n=3
c3_vitl_ndvi_scale50,dinov3sat_vitl,vit_large_patch16_dinov3.sat493m,RGB+NDVI,50,std,val_realistic,,0.5,0.000328,0.021514,0.01757,0.003167,0.030617,0.008475,15abf29d92d2d87e0fa1dda802ecc399be7b4a22,n=3
scale_ndvi_25,efficientnet,efficientnet-b5,RGB+NDVI,25,mean,val_realistic,,0.5,0.792889,0.389644,0.558913,0.291893,0.366162,0.324588,15abf29d92d2d87e0fa1dda802ecc399be7b4a22,n=3
scale_ndvi_25,efficientnet,efficientnet-b5,RGB+NDVI,25,std,val_realistic,,0.5,0.049178,0.062067,0.062754,0.02575,0.038876,0.02966,15abf29d92d2d87e0fa1dda802ecc399be7b4a22,n=3
scale_ndvi_50,efficientnet,efficientnet-b5,RGB+NDVI,50,mean,val_realistic,,0.5,0.854614,0.465714,0.635089,0.293393,0.426768,0.34726,15abf29d92d2d87e0fa1dda802ecc399be7b4a22,n=3
scale_ndvi_50,efficientnet,efficientnet-b5,RGB+NDVI,50,std,val_realistic,,0.5,0.018606,0.030298,0.028174,0.01318,0.053211,0.025786,15abf29d92d2d87e0fa1dda802ecc399be7b4a22,n=3
scale_ndvi_75,efficientnet,efficientnet-b5,RGB+NDVI,75,mean,val_realistic,,0.5,0.883556,0.537421,0.698433,0.30146,0.487374,0.372045,15abf29d92d2d87e0fa1dda802ecc399be7b4a22,n=3
scale_ndvi_75,efficientnet,efficientnet-b5,RGB+NDVI,75,std,val_realistic,,0.5,0.009938,0.042934,0.03694,0.034871,0.043077,0.036161,15abf29d92d2d87e0fa1dda802ecc399be7b4a22,n=3
